Product_Name,Weight,Colour,Brand,Quantity
PRE-BLENDED MORTAR,30KG,n/a,n/a,12
LTC MORTAR ADHESIVE,50LBS / 22.7KG,n/a,n/a,3
MORTAR MIX,30KG / 66LBS,GREY,BOMIX,3
CONCRETE MIX,30KG / 66LBS,n/a,BOMIX,4
SAND MIX,30KG / 66LBS,n/a,BOMIX,1.5
PRO SET SF UNIVERSAL,50LBS / 22.7KG,GREY,SCHLUTER,4
PRO FLEX ,50LBS / 22.7KG,GREY,SCHLUTER,2
DRYWALL COMPOUND,11KG,n/a,SHEETROCK 90,2
LIGHTWEIGHT LATEX MODIFIED THIN SET MORTAR,11.3 / 4KG,n/a,n/a,2
ULTRALITE MORTAR,25LBS/11.3KG,n/a,MAPEI,7
ULTRAFLEX LFT,50LBS / 22.7KG,GRAY,MAPEI,10.5
ULTRAPLAN 1 PLUS,50LBS / 22.7KG,n/a,MAPEI,9
SCHLUTER SET,50LBS / 22.7KG,GREY,SCHLUTER,8
SCHLUTER SET,50LBS / 22.7KG,WHITE,SCHLUTER,3
ALL-SET,50LBS / 22.7KG,GREY,SCHLUTER,34
KERAPOXY,1GAL,FROST,MAPEI,5
TYPE 1 TILE ADHESIVE,1GAL,n/a,MAPEI,6
FLEXCOLOR CQ,1GAL,BLACK (10),MAPEI,1
FLEXCOLOR CQ,1GAL,CHAMOIS,MAPEI,1
FLEXCOLOR CQ,1GAL,PEWTER (02),MAPEI,1
FLEXCOLOR CQ,1GAL,AVALANCHE (38),MAPEI,1
FLEXCOLOR CQ,1GAL,SILVER (27),MAPEI,1
FLEXCOLOR CQ,1GAL,RAIN (101),MAPEI,2
FLEXCOLOR CQ,1GAL,WHITE (00),MAPEI,1
FLEXCOLOR CQ,1GAL,FROST (77),MAPEI,1
FLEXCOLOR CQ,1GAL,WALNUT (106),MAPEI,1
FLEXCOLOR CQ,1GAL,COBBLESTONE (103),MAPEI,1
FLEXCOLOR CQ,0.5GAL,SILVER (27),MAPEI,1
TYPE 1 TILE ADHESIVE,3.5GALS,n/a,MAPEI,1
ULTRACOLOR PLUS FA,10LBS,COBBLESTONE (103),MAPEI,1
ULTRACOLOR PLUS FA,10LBS,BLACK (10),MAPEI,1
ULTRACOLOR PLUS FA,10LBS,SILVER (27),MAPEI,2
ULTRACOLOR PLUS FA,10LBS,TIMBERWOLF (104),MAPEI,2
ULTRACOLOR PLUS FA,10LBS,AVALANCHE (38),MAPEI,1
ULTRACOLOR PLUS FA,10LBS,MOCHA (42),MAPEI,1
ULTRACOLOR PLUS FA,10LBS,CHARCOAL (47),MAPEI,1
ULTRACOLOR PLUS FA,10LBS,IVORY (39),MAPEI,1
ULTRACOLOR PLUS FA,10LBS,NAVAJO BROWN (35),MAPEI,1
ULTRACOLOR PLUS FA,10LBS,PEWTER (02),MAPEI,1
ULTRACOLOR PLUS FA,10LBS,FROST (77),MAPEI,1
ULTRACOLOR PLUS FA,25LBS/11.3KG,PEWTER (02),MAPEI,1
ULTRACOLOR PLUS FA,25LBS/11.3KG,SAHARA BEIGE (11),MAPEI,2
KERACOLOR U,10LBS,SILVER (27),MAPEI,1
